method,corruption,severity,alpha,target_coverage,qhat_standard,qhat_weighted,qhat_final,coverage_standard,coverage_gap_standard,avg_set_size_standard,coverage_weighted,coverage_gap_weighted,avg_set_size_weighted,coverage_final,coverage_gap_final,avg_set_size_final,safe_to_weight,fallback_reason,ess,ess_ratio,max_weight,mean_weight,std_weight,domain_prob_mean,domain_prob_std
WCP-RAPS,gaussian_noise,1,0.1,0.9,0.9214879870414734,0.8916139602661133,0.9214879870414734,0.8165,-0.08350000000000002,1.4407,0.7844,-0.11560000000000004,1.3275,0.8148,-0.08520000000000005,1.4365,0,ess_and_max_weight,223.51351140439255,0.04470270228087851,32.02628462400412,1.0,4.622771063224591,0.09013226965601337,0.21480909895574227
WCP-RAPS,gaussian_noise,1,0.05,0.95,0.9687336683273315,0.938330352306366,0.9687336683273315,0.879,-0.07099999999999995,1.7516,0.8362,-0.1137999999999999,1.5206,0.8782,-0.07179999999999997,1.7477,0,ess_and_max_weight,223.51351140439255,0.04470270228087851,32.02628462400412,1.0,4.622771063224591,0.09013226965601337,0.21480909895574227
WCP-RAPS,gaussian_noise,2,0.1,0.9,0.9214879870414734,0.8798167109489441,0.9214879870414734,0.6873,-0.2127,1.6408,0.6359,-0.2641,1.4442,0.6811,-0.21889999999999998,1.6359,0,ess_and_max_weight,101.23681516772662,0.020247363033545324,70.56689195425955,1.0,6.956230842353635,0.04009799697554629,0.15027574435671967
WCP-RAPS,gaussian_noise,2,0.05,0.95,0.9687336683273315,0.9044538736343384,0.9687336683273315,0.7611,-0.18889999999999996,2.0399,0.6634,-0.28659999999999997,1.55,0.7604,-0.1896,2.039,0,ess_and_max_weight,101.23681516772662,0.020247363033545324,70.56689195425955,1.0,6.956230842353635,0.04009799697554629,0.15027574435671967
WCP-RAPS,gaussian_noise,3,0.1,0.9,0.9214879870414734,0.8987606167793274,0.9214879870414734,0.5288,-0.3712,1.7066,0.5021,-0.39790000000000003,1.5865,0.5278,-0.3722,1.7083,0,ess_and_max_weight,54.12032326528281,0.010824064653056563,130.5344904581409,1.0000000000000002,9.559640980294796,0.020034068403413857,0.10889341579378842
WCP-RAPS,gaussian_noise,3,0.05,0.95,0.9687336683273315,0.9697858691215515,0.9687336683273315,0.6073,-0.3427,2.1311,0.6093,-0.3407,2.152,0.6059,-0.34409999999999996,2.1301,0,ess_and_max_weight,54.12032326528281,0.010824064653056563,130.5344904581409,1.0000000000000002,9.559640980294796,0.020034068403413857,0.10889341579378842
WCP-RAPS,gaussian_noise,4,0.1,0.9,0.9214879870414734,0.8940352201461792,0.9214879870414734,0.4523,-0.44770000000000004,1.6813,0.4215,-0.47850000000000004,1.5414,0.4492,-0.45080000000000003,1.6821,0,ess_and_max_weight,36.34458127926539,0.007268916255853079,229.79476416411313,1.0000000000000002,11.686406197540315,0.014685645342528147,0.09056414143280765
WCP-RAPS,gaussian_noise,4,0.05,0.95,0.9687336683273315,0.9720050096511841,0.9687336683273315,0.5301,-0.41989999999999994,2.1061,0.5383,-0.41169999999999995,2.149,0.5289,-0.4210999999999999,2.0973,0,ess_and_max_weight,36.34458127926539,0.007268916255853079,229.79476416411313,1.0000000000000002,11.686406197540315,0.014685645342528147,0.09056414143280765
WCP-RAPS,gaussian_noise,5,0.1,0.9,0.9214879870414734,0.9044538736343384,0.9214879870414734,0.3897,-0.5103,1.6386,0.3717,-0.5283,1.5512,0.3904,-0.5096,1.6363,0,ess_and_max_weight,29.19435114573068,0.005838870229146136,278.2540398615965,1.0000000000000002,13.048601794519998,0.012312794722041082,0.08263936372777947
WCP-RAPS,gaussian_noise,5,0.05,0.95,0.9687336683273315,0.9720050096511841,0.9687336683273315,0.4621,-0.48789999999999994,2.0461,0.469,-0.481,2.0919,0.462,-0.48799999999999993,2.049,0,ess_and_max_weight,29.19435114573068,0.005838870229146136,278.2540398615965,1.0000000000000002,13.048601794519998,0.012312794722041082,0.08263936372777947
WCP-RAPS,motion_blur,1,0.1,0.9,0.9214879870414734,0.9564070105552673,0.9214879870414734,0.8664,-0.033600000000000074,1.2729,0.9021,0.0020999999999999908,1.4233,0.8622,-0.037800000000000056,1.2744,0,ess_and_max_weight,468.0796211413205,0.0936159242282641,18.194868649085507,1.0,3.1115821309841185,0.20352660558331587,0.27081427496421845
WCP-RAPS,motion_blur,1,0.05,0.95,0.9687336683273315,0.9875548481941223,0.9687336683273315,0.9232,-0.026799999999999935,1.5083,0.9483,-0.0016999999999999238,1.716,0.918,-0.03199999999999992,1.5025,0,ess_and_max_weight,468.0796211413205,0.0936159242282641,18.194868649085507,1.0,3.1115821309841185,0.20352660558331587,0.27081427496421845
WCP-RAPS,motion_blur,2,0.1,0.9,0.9214879870414734,0.9540295004844666,0.9214879870414734,0.8065,-0.09350000000000003,1.4473,0.8479,-0.052100000000000035,1.6364,0.8003,-0.09970000000000001,1.4405,0,ess_and_max_weight,245.15848251739425,0.04903169650347885,31.330843560385215,1.0,4.4039721188319785,0.10345808131792435,0.22075302958713214
WCP-RAPS,motion_blur,2,0.05,0.95,0.9687336683273315,0.9875548481941223,0.9687336683273315,0.8715,-0.0784999999999999,1.763,0.9002,-0.049799999999999955,2.0292,0.8643,-0.0857,1.7528,0,ess_and_max_weight,245.15848251739425,0.04903169650347885,31.330843560385215,1.0,4.4039721188319785,0.10345808131792435,0.22075302958713214
WCP-RAPS,motion_blur,3,0.1,0.9,0.9214879870414734,0.9562619924545288,0.9214879870414734,0.7318,-0.16820000000000002,1.5876,0.7816,-0.11840000000000006,1.8365,0.7334,-0.16659999999999997,1.5899,0,ess_and_max_weight,160.0153099238338,0.03200306198476676,44.803152789012564,1.0,5.499728181155778,0.06389010494454864,0.1842702609099459
WCP-RAPS,motion_blur,3,0.05,0.95,0.9687336683273315,0.9906806945800781,0.9687336683273315,0.7999,-0.1500999999999999,1.9629,0.8491,-0.10089999999999999,2.3666,0.8007,-0.1493,1.9617,0,ess_and_max_weight,160.0153099238338,0.03200306198476676,44.803152789012564,1.0,5.499728181155778,0.06389010494454864,0.1842702609099459
WCP-RAPS,motion_blur,4,0.1,0.9,0.9214879870414734,0.9562619924545288,0.9214879870414734,0.7348,-0.1652,1.5873,0.7848,-0.11519999999999997,1.8406,0.7336,-0.1664,1.5875,0,ess_and_max_weight,132.23622190016212,0.026447244380032424,54.45328033484844,1.0,6.067217040117246,0.05769355016145885,0.17111836624334703
WCP-RAPS,motion_blur,4,0.05,0.95,0.9687336683273315,0.9956186413764954,0.9687336683273315,0.8051,-0.14489999999999992,1.9642,0.8714,-0.0786,2.5405,0.8061,-0.14389999999999992,1.9689,0,ess_and_max_weight,132.23622190016212,0.026447244380032424,54.45328033484844,1.0,6.067217040117246,0.05769355016145885,0.17111836624334703
WCP-RAPS,motion_blur,5,0.1,0.9,0.9214879870414734,0.9562619924545288,0.9214879870414734,0.6633,-0.23670000000000002,1.6887,0.7183,-0.18169999999999997,1.9594,0.667,-0.23299999999999998,1.6832,0,ess_and_max_weight,84.95622950523189,0.01699124590104638,84.97219268096978,1.0,7.606170916952894,0.03639289046105562,0.13961066495495417
WCP-RAPS,motion_blur,5,0.05,0.95,0.9687336683273315,0.9956186413764954,0.9687336683273315,0.7412,-0.20879999999999999,2.102,0.8161,-0.1338999999999999,2.7219,0.7453,-0.2047,2.1058,0,ess_and_max_weight,84.95622950523189,0.01699124590104638,84.97219268096978,1.0,7.606170916952894,0.03639289046105562,0.13961066495495417
WCP-RAPS,brightness,1,0.1,0.9,0.9214879870414734,0.9185692667961121,0.9214879870414734,0.8975,-0.0025000000000000577,1.1211,0.8904,-0.009600000000000053,1.1106,0.896,-0.0040000000000000036,1.118,0,max_weight,2582.3827877351814,0.5164765575470363,14.046653445902573,1.0,0.9675723747947879,0.4858289262440283,0.17859703044423295
WCP-RAPS,brightness,1,0.05,0.95,0.9687336683273315,0.9638243317604065,0.9687336683273315,0.9505,0.000500000000000056,1.2869,0.9408,-0.009199999999999986,1.2577,0.9472,-0.0027999999999999137,1.2804,0,max_weight,2582.3827877351814,0.5164765575470363,14.046653445902573,1.0,0.9675723747947879,0.4858289262440283,0.17859703044423295
WCP-RAPS,brightness,2,0.1,0.9,0.9214879870414734,0.9114782214164734,0.9214879870414734,0.8966,-0.0034000000000000696,1.1347,0.8827,-0.017299999999999982,1.1094,0.8921,-0.007900000000000018,1.13,0,max_weight,1510.9623092283105,0.3021924618456621,15.120094878768276,1.0,1.519588558597888,0.4266482402882519,0.22672258770255355
WCP-RAPS,brightness,2,0.05,0.95,0.9687336683273315,0.9574998617172241,0.9687336683273315,0.9482,-0.0017999999999999128,1.3013,0.9364,-0.013599999999999945,1.2498,0.9447,-0.005299999999999971,1.2952,0,max_weight,1510.9623092283105,0.3021924618456621,15.120094878768276,1.0,1.519588558597888,0.4266482402882519,0.22672258770255355
WCP-RAPS,brightness,3,0.1,0.9,0.9214879870414734,0.9135854244232178,0.9214879870414734,0.8896,-0.010400000000000076,1.1506,0.8857,-0.01429999999999998,1.1309,0.8919,-0.008099999999999996,1.1503,0,ess_and_max_weight,1019.3889136922885,0.2038777827384577,13.971905824287251,1.0,1.9760818126325281,0.3753837834302524,0.2616311729925721
WCP-RAPS,brightness,3,0.05,0.95,0.9687336683273315,0.9604395627975464,0.9687336683273315,0.9454,-0.0045999999999999375,1.3243,0.9379,-0.0121,1.2837,0.9437,-0.006299999999999972,1.3232,0,ess_and_max_weight,1019.3889136922885,0.2038777827384577,13.971905824287251,1.0,1.9760818126325281,0.3753837834302524,0.2616311729925721
WCP-RAPS,brightness,4,0.1,0.9,0.9214879870414734,0.9145591259002686,0.9214879870414734,0.8873,-0.012700000000000045,1.1672,0.8839,-0.016100000000000003,1.1517,0.8867,-0.013299999999999979,1.1674,0,ess_and_max_weight,734.6773140257959,0.14693546280515918,16.187773591123158,1.0,2.409503888540433,0.29958024903887914,0.2717591191662906
WCP-RAPS,brightness,4,0.05,0.95,0.9687336683273315,0.9562477469444275,0.9687336683273315,0.9413,-0.00869999999999993,1.3502,0.9301,-0.019899999999999918,1.2885,0.9404,-0.009599999999999942,1.3477,0,ess_and_max_weight,734.6773140257959,0.14693546280515918,16.187773591123158,1.0,2.409503888540433,0.29958024903887914,0.2717591191662906
WCP-RAPS,brightness,5,0.1,0.9,0.9214879870414734,0.9149460792541504,0.9214879870414734,0.8713,-0.02870000000000006,1.2233,0.8681,-0.03190000000000004,1.1984,0.8732,-0.026800000000000046,1.2242,0,ess_and_max_weight,496.0615365234628,0.09921230730469256,18.3124026045,1.0,3.0132033876643716,0.20750916757751897,0.27515828899862876
WCP-RAPS,brightness,5,0.05,0.95,0.9687336683273315,0.9687058925628662,0.9687336683273315,0.9313,-0.01869999999999994,1.4355,0.9326,-0.01739999999999997,1.4372,0.9314,-0.01859999999999995,1.4372,0,ess_and_max_weight,496.0615365234628,0.09921230730469256,18.3124026045,1.0,3.0132033876643716,0.20750916757751897,0.27515828899862876
WCP-RAPS,jpeg_compression,1,0.1,0.9,0.9214879870414734,0.940666913986206,0.9214879870414734,0.8661,-0.03390000000000004,1.2943,0.882,-0.018000000000000016,1.3588,0.8588,-0.041200000000000014,1.2848,0,ess_and_max_weight,676.8245275470193,0.13536490550940386,16.40910899407644,1.0,2.5273383492439865,0.27647985416371346,0.2794068383297519
WCP-RAPS,jpeg_compression,1,0.05,0.95,0.9687336683273315,0.9783564209938049,0.9687336683273315,0.9215,-0.02849999999999997,1.5287,0.9348,-0.015199999999999991,1.6168,0.9184,-0.03159999999999996,1.5317,0,ess_and_max_weight,676.8245275470193,0.13536490550940386,16.40910899407644,1.0,2.5273383492439865,0.27647985416371346,0.2794068383297519
WCP-RAPS,jpeg_compression,2,0.1,0.9,0.9214879870414734,0.9406106472015381,0.9214879870414734,0.8558,-0.04420000000000002,1.3997,0.8753,-0.024700000000000055,1.4879,0.8465,-0.05349999999999999,1.3937,0,ess_and_max_weight,447.3478125480914,0.08946956250961828,21.43037254334772,1.0,3.190138785071704,0.19291430104819668,0.2612282864661724
WCP-RAPS,jpeg_compression,2,0.05,0.95,0.9687336683273315,0.9812992811203003,0.9687336683273315,0.9107,-0.0393,1.6861,0.9283,-0.02169999999999994,1.8313,0.9031,-0.04689999999999994,1.6784,0,ess_and_max_weight,447.3478125480914,0.08946956250961828,21.43037254334772,1.0,3.190138785071704,0.19291430104819668,0.2612282864661724
WCP-RAPS,jpeg_compression,3,0.1,0.9,0.9214879870414734,0.9527230262756348,0.9214879870414734,0.8382,-0.06180000000000008,1.4337,0.8785,-0.021500000000000075,1.6139,0.8405,-0.0595,1.4378,0,ess_and_max_weight,412.62364208954904,0.08252472841790981,21.407433242569617,1.0000000000000002,3.334303528051871,0.17644714808586087,0.2609861477635493
WCP-RAPS,jpeg_compression,3,0.05,0.95,0.9687336683273315,0.9817889332771301,0.9687336683273315,0.9009,-0.04909999999999992,1.744,0.9233,-0.026699999999999946,1.906,0.901,-0.04899999999999993,1.7449,0,ess_and_max_weight,412.62364208954904,0.08252472841790981,21.407433242569617,1.0000000000000002,3.334303528051871,0.17644714808586087,0.2609861477635493
WCP-RAPS,jpeg_compression,4,0.1,0.9,0.9214879870414734,0.9527230262756348,0.9214879870414734,0.8308,-0.06920000000000004,1.4836,0.8696,-0.030399999999999983,1.6687,0.8292,-0.07079999999999997,1.4824,0,ess_and_max_weight,356.9842830614324,0.07139685661228648,25.75412034778987,1.0,3.606413573789645,0.1509205393406917,0.24640779146868041
WCP-RAPS,jpeg_compression,4,0.05,0.95,0.9687336683273315,0.9828258752822876,0.9687336683273315,0.8923,-0.057699999999999974,1.8146,0.9133,-0.036699999999999955,2.0015,0.8876,-0.06240000000000001,1.8057,0,ess_and_max_weight,356.9842830614324,0.07139685661228648,25.75412034778987,1.0,3.606413573789645,0.1509205393406917,0.24640779146868041
WCP-RAPS,jpeg_compression,5,0.1,0.9,0.9214879870414734,0.9547538757324219,0.9214879870414734,0.8118,-0.08820000000000006,1.545,0.8577,-0.042300000000000004,1.7566,0.8081,-0.09189999999999998,1.5446,0,ess_and_max_weight,297.4237708865184,0.05948475417730368,28.728495304011993,1.0,3.976308617078526,0.12988058809884545,0.23345187741543294
WCP-RAPS,jpeg_compression,5,0.05,0.95,0.9687336683273315,0.9848085045814514,0.9687336683273315,0.8795,-0.07050000000000001,1.9012,0.908,-0.041999999999999926,2.1323,0.877,-0.07299999999999995,1.8959,0,ess_and_max_weight,297.4237708865184,0.05948475417730368,28.728495304011993,1.0,3.976308617078526,0.12988058809884545,0.23345187741543294
