method,corruption,severity,alpha,target_coverage,qhat_standard,qhat_weighted,qhat_final,coverage_standard,coverage_gap_standard,avg_set_size_standard,coverage_weighted,coverage_gap_weighted,avg_set_size_weighted,coverage_final,coverage_gap_final,avg_set_size_final,safe_to_weight,fallback_reason,ess,ess_ratio,min_weight,max_weight,mean_weight,std_weight,domain_prob_mean,domain_prob_std
WCP-RAPS-stabilized,gaussian_noise,1,0.1,0.9,0.9214879870414734,0.9133374691009521,0.9214879870414734,0.8165,-0.08350000000000002,1.4407,0.8086,-0.09140000000000004,1.4083,0.8148,-0.08520000000000005,1.4365,0,ess,757.2726340088188,0.15145452680176377,0.00021490470483543394,10.74416071824752,0.9999999999999998,2.3669900442520326,0.1631718424574699,0.24474417285680103
WCP-RAPS-stabilized,gaussian_noise,1,0.05,0.95,0.9687336683273315,0.9652944803237915,0.9687336683273315,0.879,-0.07099999999999995,1.7516,0.8761,-0.07389999999999997,1.7132,0.8782,-0.07179999999999997,1.7477,0,ess,757.2726340088188,0.15145452680176377,0.00021490470483543394,10.74416071824752,0.9999999999999998,2.3669900442520326,0.1631718424574699,0.24474417285680103
WCP-RAPS-stabilized,gaussian_noise,2,0.1,0.9,0.9214879870414734,0.9002548456192017,0.9214879870414734,0.6873,-0.2127,1.6408,0.6583,-0.24170000000000003,1.5306,0.6811,-0.21889999999999998,1.6359,0,ess_and_max_weight,349.33885080590954,0.06986777016118191,0.00042762430070968695,21.379076913980796,1.0,3.648664281551719,0.07857422752852587,0.18983949811998824
WCP-RAPS-stabilized,gaussian_noise,2,0.05,0.95,0.9687336683273315,0.9690024852752686,0.9687336683273315,0.7611,-0.18889999999999996,2.0399,0.7614,-0.1886,2.0418,0.7604,-0.1896,2.039,0,ess_and_max_weight,349.33885080590954,0.06986777016118191,0.00042762430070968695,21.379076913980796,1.0,3.648664281551719,0.07857422752852587,0.18983949811998824
WCP-RAPS-stabilized,gaussian_noise,3,0.1,0.9,0.9214879870414734,0.8901853561401367,0.9214879870414734,0.5288,-0.3712,1.7066,0.494,-0.406,1.5493,0.5278,-0.3722,1.7083,0,ess_and_max_weight,183.44453461723973,0.03668890692344794,0.0007899146086072445,39.491780857319185,1.0,5.124079913573471,0.04107716152477136,0.1440315697869957
WCP-RAPS-stabilized,gaussian_noise,3,0.05,0.95,0.9687336683273315,0.9690024852752686,0.9687336683273315,0.6073,-0.3427,2.1311,0.6072,-0.3428,2.1408,0.6059,-0.34409999999999996,2.1301,0,ess_and_max_weight,183.44453461723973,0.03668890692344794,0.0007899146086072445,39.491780857319185,1.0,5.124079913573471,0.04107716152477136,0.1440315697869957
WCP-RAPS-stabilized,gaussian_noise,4,0.1,0.9,0.9214879870414734,0.8916139602661133,0.9214879870414734,0.4523,-0.44770000000000004,1.6813,0.4197,-0.4803,1.5306,0.4492,-0.45080000000000003,1.6821,0,ess_and_max_weight,136.02096118813907,0.027204192237627815,0.001093000628891386,54.644566441424836,1.0,5.979886315341479,0.030274371473665185,0.12462737340301845
WCP-RAPS-stabilized,gaussian_noise,4,0.05,0.95,0.9687336683273315,0.9697858691215515,0.9687336683273315,0.5301,-0.41989999999999994,2.1061,0.5329,-0.4170999999999999,2.1171,0.5289,-0.4210999999999999,2.0973,0,ess_and_max_weight,136.02096118813907,0.027204192237627815,0.001093000628891386,54.644566441424836,1.0,5.979886315341479,0.030274371473665185,0.12462737340301845
WCP-RAPS-stabilized,gaussian_noise,5,0.1,0.9,0.9214879870414734,0.8940352201461792,0.9214879870414734,0.3897,-0.5103,1.6386,0.3619,-0.5381,1.5012,0.3904,-0.5096,1.6363,0,ess_and_max_weight,108.50911883266858,0.021701823766533717,0.0014240352320054061,71.19464142411027,1.0,6.714095368247665,0.0240287379542184,0.11034559501227927
WCP-RAPS-stabilized,gaussian_noise,5,0.05,0.95,0.9687336683273315,0.9720050096511841,0.9687336683273315,0.4621,-0.48789999999999994,2.0461,0.469,-0.481,2.0919,0.462,-0.48799999999999993,2.049,0,ess_and_max_weight,108.50911883266858,0.021701823766533717,0.0014240352320054061,71.19464142411027,1.0,6.714095368247665,0.0240287379542184,0.11034559501227927
WCP-RAPS-stabilized,motion_blur,1,0.1,0.9,0.9214879870414734,0.93170565366745,0.93170565366745,0.8664,-0.033600000000000074,1.2729,0.8734,-0.026600000000000068,1.3097,0.8735,-0.026499999999999968,1.3112,1,weighted,1593.1871582274189,0.31863743164548375,0.0013758761357829659,6.166130374979873,1.0,1.4623143412345665,0.31448210780856645,0.24352489560374868
WCP-RAPS-stabilized,motion_blur,1,0.05,0.95,0.9687336683273315,0.9748348593711853,0.9748348593711853,0.9232,-0.026799999999999935,1.5083,0.9275,-0.022499999999999964,1.5593,0.9276,-0.022399999999999975,1.5539,1,weighted,1593.1871582274189,0.31863743164548375,0.0013758761357829659,6.166130374979873,1.0,1.4623143412345665,0.31448210780856645,0.24352489560374868
WCP-RAPS-stabilized,motion_blur,2,0.1,0.9,0.9214879870414734,0.9433304071426392,0.9214879870414734,0.8065,-0.09350000000000003,1.4473,0.8339,-0.06610000000000005,1.5696,0.8003,-0.09970000000000001,1.4405,0,ess,872.0060145390427,0.17440120290780853,0.00019945571792658506,9.97178861773962,1.0000000000000002,2.175753985414769,0.18617370511443176,0.24265357498534054
WCP-RAPS-stabilized,motion_blur,2,0.05,0.95,0.9687336683273315,0.9768035411834717,0.9687336683273315,0.8715,-0.0784999999999999,1.763,0.8812,-0.06879999999999997,1.8548,0.8643,-0.0857,1.7528,0,ess,872.0060145390427,0.17440120290780853,0.00019945571792658506,9.97178861773962,1.0000000000000002,2.175753985414769,0.18617370511443176,0.24265357498534054
WCP-RAPS-stabilized,motion_blur,3,0.1,0.9,0.9214879870414734,0.9476510882377625,0.9214879870414734,0.7318,-0.16820000000000002,1.5876,0.7693,-0.13070000000000004,1.7647,0.7334,-0.16659999999999997,1.5899,0,ess_and_max_weight,535.4568490916786,0.10709136981833571,0.0003075645574892132,15.376690051673211,1.0,2.887528460073233,0.11742721601495532,0.2140365981389798
WCP-RAPS-stabilized,motion_blur,3,0.05,0.95,0.9687336683273315,0.9731741547584534,0.9687336683273315,0.7999,-0.1500999999999999,1.9629,0.8115,-0.13849999999999996,2.0255,0.8007,-0.1493,1.9617,0,ess_and_max_weight,535.4568490916786,0.10709136981833571,0.0003075645574892132,15.376690051673211,1.0,2.887528460073233,0.11742721601495532,0.2140365981389798
WCP-RAPS-stabilized,motion_blur,4,0.1,0.9,0.9214879870414734,0.9444323182106018,0.9214879870414734,0.7348,-0.1652,1.5873,0.7674,-0.13260000000000005,1.7415,0.7336,-0.1664,1.5875,0,ess_and_max_weight,525.6225908655935,0.10512451817311869,0.0003096472847094921,15.480815999051059,1.0,2.917623816771238,0.11544654634077203,0.21376615551477432
WCP-RAPS-stabilized,motion_blur,4,0.05,0.95,0.9687336683273315,0.9731693863868713,0.9687336683273315,0.8051,-0.14489999999999992,1.9642,0.8139,-0.1361,2.0281,0.8061,-0.14389999999999992,1.9689,0,ess_and_max_weight,525.6225908655935,0.10512451817311869,0.0003096472847094921,15.480815999051059,1.0,2.917623816771238,0.11544654634077203,0.21376615551477432
WCP-RAPS-stabilized,motion_blur,5,0.1,0.9,0.9214879870414734,0.9491523504257202,0.9214879870414734,0.6633,-0.23670000000000002,1.6887,0.704,-0.19600000000000006,1.8882,0.667,-0.23299999999999998,1.6832,0,ess_and_max_weight,338.6423292150383,0.06772846584300765,0.0004788782563028787,23.94151842386242,1.0,3.7100998054920153,0.07500265502534724,0.18103216515224987
WCP-RAPS-stabilized,motion_blur,5,0.05,0.95,0.9687336683273315,0.9800623655319214,0.9687336683273315,0.7412,-0.20879999999999999,2.102,0.7698,-0.18019999999999992,2.2858,0.7453,-0.2047,2.1058,0,ess_and_max_weight,338.6423292150383,0.06772846584300765,0.0004788782563028787,23.94151842386242,1.0,3.7100998054920153,0.07500265502534724,0.18103216515224987
WCP-RAPS-stabilized,brightness,1,0.1,0.9,0.9214879870414734,0.9184759259223938,0.9184759259223938,0.8975,-0.0025000000000000577,1.1211,0.8903,-0.009700000000000042,1.1104,0.8923,-0.00770000000000004,1.1108,1,weighted,4539.9971453404705,0.907999429068094,0.30533766300376575,3.0452107597750464,1.0,0.31831160580805234,0.49246326905416965,0.07394561768504704
WCP-RAPS-stabilized,brightness,1,0.05,0.95,0.9687336683273315,0.9652944803237915,0.9652944803237915,0.9505,0.000500000000000056,1.2869,0.9435,-0.00649999999999995,1.2678,0.943,-0.007000000000000006,1.2616,1,weighted,4539.9971453404705,0.907999429068094,0.30533766300376575,3.0452107597750464,1.0,0.31831160580805234,0.49246326905416965,0.07394561768504704
WCP-RAPS-stabilized,brightness,2,0.1,0.9,0.9214879870414734,0.9151930809020996,0.9151930809020996,0.8966,-0.0034000000000000696,1.1347,0.8871,-0.012900000000000023,1.1178,0.8856,-0.014399999999999968,1.1148,1,weighted,3702.696978841642,0.7405393957683284,0.0762710045250749,4.9235105777204895,1.0,0.5919181117202327,0.4691809002745291,0.12587390018795125
WCP-RAPS-stabilized,brightness,2,0.05,0.95,0.9687336683273315,0.9626399278640747,0.9626399278640747,0.9482,-0.0017999999999999128,1.3013,0.9422,-0.007799999999999918,1.2717,0.9373,-0.012699999999999934,1.2649,1,weighted,3702.696978841642,0.7405393957683284,0.0762710045250749,4.9235105777204895,1.0,0.5919181117202327,0.4691809002745291,0.12587390018795125
WCP-RAPS-stabilized,brightness,3,0.1,0.9,0.9214879870414734,0.9146767854690552,0.9146767854690552,0.8896,-0.010400000000000076,1.1506,0.8868,-0.01319999999999999,1.1341,0.8852,-0.014800000000000035,1.1325,1,weighted,2814.0094358995098,0.562801887179902,0.02692704847267822,4.966182575195413,1.0,0.8813762970466135,0.4345335810329829,0.1723416331307797
WCP-RAPS-stabilized,brightness,3,0.05,0.95,0.9687336683273315,0.9626399278640747,0.9626399278640747,0.9454,-0.0045999999999999375,1.3243,0.9395,-0.010499999999999954,1.293,0.936,-0.013999999999999901,1.2911,1,weighted,2814.0094358995098,0.562801887179902,0.02692704847267822,4.966182575195413,1.0,0.8813762970466135,0.4345335810329829,0.1723416331307797
WCP-RAPS-stabilized,brightness,4,0.1,0.9,0.9214879870414734,0.9154037237167358,0.9154037237167358,0.8873,-0.012700000000000045,1.1672,0.8848,-0.015199999999999991,1.154,0.8807,-0.019299999999999984,1.1517,1,weighted,2301.6718367856433,0.4603343673571287,0.01595291807238152,5.235411828248055,1.0,1.0827437394233994,0.3957245724044337,0.20331513059612866
WCP-RAPS-stabilized,brightness,4,0.05,0.95,0.9687336683273315,0.9648873805999756,0.9648873805999756,0.9413,-0.00869999999999993,1.3502,0.9397,-0.010299999999999976,1.3305,0.9361,-0.013899999999999912,1.325,1,weighted,2301.6718367856433,0.4603343673571287,0.01595291807238152,5.235411828248055,1.0,1.0827437394233994,0.3957245724044337,0.20331513059612866
WCP-RAPS-stabilized,brightness,5,0.1,0.9,0.9214879870414734,0.9207452535629272,0.9207452535629272,0.8713,-0.02870000000000006,1.2233,0.874,-0.026000000000000023,1.2164,0.8727,-0.02729999999999999,1.2216,1,weighted,1559.903889857542,0.3119807779715084,0.0010391896754903482,6.270489996640123,1.0,1.4850338993601064,0.30861478171437295,0.24257856174072634
WCP-RAPS-stabilized,brightness,5,0.05,0.95,0.9687336683273315,0.9697858691215515,0.9697858691215515,0.9313,-0.01869999999999994,1.4355,0.9336,-0.01639999999999997,1.4452,0.9331,-0.016899999999999915,1.4451,1,weighted,1559.903889857542,0.3119807779715084,0.0010391896754903482,6.270489996640123,1.0,1.4850338993601064,0.30861478171437295,0.24257856174072634
WCP-RAPS-stabilized,jpeg_compression,1,0.1,0.9,0.9214879870414734,0.9287477135658264,0.9287477135658264,0.8661,-0.03390000000000004,1.2943,0.8715,-0.02849999999999997,1.3155,0.8675,-0.03249999999999997,1.3127,1,weighted,2128.1289459091718,0.42562578918183436,0.00349191888482204,5.177893637036015,1.0,1.161671938881235,0.37839537749275526,0.22843830299223442
WCP-RAPS-stabilized,jpeg_compression,1,0.05,0.95,0.9687336683273315,0.9742556214332581,0.9742556214332581,0.9215,-0.02849999999999997,1.5287,0.9282,-0.02179999999999993,1.5749,0.9261,-0.02389999999999992,1.5736,1,weighted,2128.1289459091718,0.42562578918183436,0.00349191888482204,5.177893637036015,1.0,1.161671938881235,0.37839537749275526,0.22843830299223442
WCP-RAPS-stabilized,jpeg_compression,2,0.1,0.9,0.9214879870414734,0.9305603504180908,0.9305603504180908,0.8558,-0.04420000000000002,1.3997,0.8623,-0.03770000000000007,1.4378,0.8566,-0.043399999999999994,1.4331,1,weighted,1661.0208929756009,0.3322041785951202,0.00024286821476935,5.9553680644032205,1.0,1.4178141395804589,0.3153668211368101,0.254343249167318
WCP-RAPS-stabilized,jpeg_compression,2,0.05,0.95,0.9687336683273315,0.9754491448402405,0.9754491448402405,0.9107,-0.0393,1.6861,0.9188,-0.031200000000000006,1.754,0.9137,-0.0363,1.7478,1,weighted,1661.0208929756009,0.3322041785951202,0.00024286821476935,5.9553680644032205,1.0,1.4178141395804589,0.3153668211368101,0.254343249167318
WCP-RAPS-stabilized,jpeg_compression,3,0.1,0.9,0.9214879870414734,0.9330459237098694,0.9330459237098694,0.8382,-0.06180000000000008,1.4337,0.853,-0.04700000000000004,1.4914,0.8531,-0.04690000000000005,1.4916,1,weighted,1541.1491842343546,0.30822983684687094,0.00012568465313472356,6.283604233470504,1.0,1.4981095586415818,0.2974667119828068,0.2567047316502043
WCP-RAPS-stabilized,jpeg_compression,3,0.05,0.95,0.9687336683273315,0.9780211448669434,0.9780211448669434,0.9009,-0.04909999999999992,1.744,0.9174,-0.03259999999999996,1.8527,0.916,-0.03399999999999992,1.8549,1,weighted,1541.1491842343546,0.30822983684687094,0.00012568465313472356,6.283604233470504,1.0,1.4981095586415818,0.2974667119828068,0.2567047316502043
WCP-RAPS-stabilized,jpeg_compression,4,0.1,0.9,0.9214879870414734,0.938342273235321,0.9214879870414734,0.8308,-0.06920000000000004,1.4836,0.8506,-0.0494,1.5755,0.8292,-0.07079999999999997,1.4824,0,ess,1415.5340454333277,0.2831068090866655,0.00013434173298241408,6.716414940455792,1.0,1.591300027593373,0.27713206153582587,0.25809395205746255
WCP-RAPS-stabilized,jpeg_compression,4,0.05,0.95,0.9687336683273315,0.9795207977294922,0.9687336683273315,0.8923,-0.057699999999999974,1.8146,0.9086,-0.04139999999999999,1.9481,0.8876,-0.06240000000000001,1.8057,0,ess,1415.5340454333277,0.2831068090866655,0.00013434173298241408,6.716414940455792,1.0,1.591300027593373,0.27713206153582587,0.25809395205746255
WCP-RAPS-stabilized,jpeg_compression,5,0.1,0.9,0.9214879870414734,0.9377280473709106,0.9214879870414734,0.8118,-0.08820000000000006,1.545,0.8348,-0.06520000000000004,1.6329,0.8081,-0.09189999999999998,1.5446,0,ess,1223.0181387588718,0.24460362775177436,0.00015021768032787258,7.5101329279919895,1.0,1.7573408338853038,0.24601395884891886,0.25708375706266257
WCP-RAPS-stabilized,jpeg_compression,5,0.05,0.95,0.9687336683273315,0.9807077050209045,0.9687336683273315,0.8795,-0.07050000000000001,1.9012,0.9011,-0.048899999999999944,2.0592,0.877,-0.07299999999999995,1.8959,0,ess,1223.0181387588718,0.24460362775177436,0.00015021768032787258,7.5101329279919895,1.0,1.7573408338853038,0.24601395884891886,0.25708375706266257
